<?xml version="1.0" encoding="UTF-8"?>
<project-private xmlns="http://www.netbeans.org/ns/project-private/1">
    <editor-bookmarks xmlns="http://www.netbeans.org/ns/editor-bookmarks/2" lastBookmarkId="0"/>
    <open-files xmlns="http://www.netbeans.org/ns/projectui-open-files/2">
        <group>
            <file>file:/home/pebip/Unduhan/siojir/src/java/function/koneksi.java</file>
            <file>file:/home/pebip/Unduhan/siojir/src/java/function/informasi.java</file>
            <file>file:/home/pebip/Unduhan/siojir/src/java/function/fuser.java</file>
            <file>file:/home/pebip/Unduhan/siojir/src/java/function/tips.java</file>
            <file>file:/home/pebip/Unduhan/siojir/src/java/function/finformasi.java</file>
            <file>file:/home/pebip/Unduhan/siojir/src/java/function/user.java</file>
            <file>file:/home/pebip/Unduhan/siojir/src/java/function/ftips.java</file>
        </group>
    </open-files>
</project-private>
